{
  "version": "7",
  "dialect": "mysql",
  "entries": [
    {
      "idx": 0,
      "version": "5",
      "when": 1761384700308,
      "tag": "0000_flimsy_carmella_unuscione",
      "breakpoints": true
    },
    {
      "idx": 1,
      "version": "5",
      "when": 1761384733275,
      "tag": "0001_flowery_george_stacy",
      "breakpoints": true
    },
    {
      "idx": 2,
      "version": "5",
      "when": 1761386769840,
      "tag": "0002_keen_saracen",
      "breakpoints": true
    },
    {
      "idx": 3,
      "version": "5",
      "when": 1761393239851,
      "tag": "0003_bitter_norman_osborn",
      "breakpoints": true
    },
    {
      "idx": 4,
      "version": "5",
      "when": 1761393293654,
      "tag": "0004_lush_killmonger",
      "breakpoints": true
    },
    {
      "idx": 5,
      "version": "5",
      "when": 1761399419395,
      "tag": "0005_complex_tarantula",
      "breakpoints": true
    },
    {
      "idx": 6,
      "version": "5",
      "when": 1763219717686,
      "tag": "0006_same_pride",
      "breakpoints": true
    },
    {
      "idx": 7,
      "version": "5",
      "when": 1763375640074,
      "tag": "0007_typical_shatterstar",
      "breakpoints": true
    },
    {
      "idx": 8,
      "version": "5",
      "when": 1763387368162,
      "tag": "0008_solid_anita_blake",
      "breakpoints": true
    },
    {
      "idx": 9,
      "version": "5",
      "when": 1763395680336,
      "tag": "0009_easy_talon",
      "breakpoints": true
    },
    {
      "idx": 10,
      "version": "5",
      "when": 1763481556305,
      "tag": "0010_wooden_boomerang",
      "breakpoints": true
    },
    {
      "idx": 11,
      "version": "5",
      "when": 1763481669790,
      "tag": "0011_pretty_gideon",
      "breakpoints": true
    },
    {
      "idx": 12,
      "version": "5",
      "when": 1763494714526,
      "tag": "0012_overrated_barracuda",
      "breakpoints": true
    },
    {
      "idx": 13,
      "version": "5",
      "when": 1763495291107,
      "tag": "0013_bitter_vengeance",
      "breakpoints": true
    },
    {
      "idx": 14,
      "version": "5",
      "when": 1763497734800,
      "tag": "0014_giant_agent_zero",
      "breakpoints": true
    },
    {
      "idx": 15,
      "version": "5",
      "when": 1763503280410,
      "tag": "0015_outgoing_ted_forrester",
      "breakpoints": true
    },
    {
      "idx": 16,
      "version": "5",
      "when": 1763503470488,
      "tag": "0016_funny_robin_chapel",
      "breakpoints": true
    },
    {
      "idx": 17,
      "version": "5",
      "when": 1763509287246,
      "tag": "0017_past_mephistopheles",
      "breakpoints": true
    },
    {
      "idx": 18,
      "version": "5",
      "when": 1763639789485,
      "tag": "0018_lame_selene",
      "breakpoints": true
    },
    {
      "idx": 19,
      "version": "5",
      "when": 1764938509179,
      "tag": "0019_tiresome_naoko",
      "breakpoints": true
    },
    {
      "idx": 20,
      "version": "5",
      "when": 1764943635084,
      "tag": "0020_productive_puma",
      "breakpoints": true
    },
    {
      "idx": 21,
      "version": "5",
      "when": 1764947646138,
      "tag": "0021_fat_quicksilver",
      "breakpoints": true
    },
    {
      "idx": 22,
      "version": "5",
      "when": 1764968784269,
      "tag": "0022_fixed_blue_shield",
      "breakpoints": true
    },
    {
      "idx": 23,
      "version": "5",
      "when": 1764975075275,
      "tag": "0023_white_scalphunter",
      "breakpoints": true
    },
    {
      "idx": 24,
      "version": "5",
      "when": 1764977471704,
      "tag": "0024_jazzy_colleen_wing",
      "breakpoints": true
    },
    {
      "idx": 25,
      "version": "5",
      "when": 1765021956021,
      "tag": "0025_absent_psylocke",
      "breakpoints": true
    }
  ]
}